{"actions":[],"apps":[{"acl":{"app":[],"field":[],"record":[]},"app":null,"category":{"categories":[],"useCategory":"false"},"form":{"layout":"[{\"id\":null,\"type\":\"ROW\",\"isSubTable\":false,\"var\":null,\"label\":null,\"controlList\":[{\"isVirtical\":true,\"styleMap\":{\"width\":196},\"type\":\"DATETIME\",\"var\":\"日時\",\"label\":\"日時\"}]},{\"id\":null,\"type\":\"ROW\",\"isSubTable\":false,\"var\":null,\"label\":null,\"controlList\":[{\"isVirtical\":true,\"styleMap\":{\"width\":801,\"height\":302,\"innerHeight\":265},\"type\":\"MULTIPLE_LINE_TEXT\",\"var\":\"エラーメッセージ\",\"label\":\"エラーメッセージ\"}]},{\"id\":null,\"type\":\"ROW\",\"isSubTable\":false,\"var\":null,\"label\":null,\"controlList\":[{\"isVirtical\":true,\"styleMap\":{\"width\":801,\"height\":405,\"innerHeight\":368},\"type\":\"MULTIPLE_LINE_TEXT\",\"var\":\"エラーオブジェクト\",\"label\":\"エラーオブジェクト\"}]},{\"id\":null,\"type\":\"ROW\",\"isSubTable\":false,\"var\":null,\"label\":null,\"controlList\":[{\"isVirtical\":true,\"styleMap\":{\"width\":801,\"height\":396,\"innerHeight\":359},\"type\":\"MULTIPLE_LINE_TEXT\",\"var\":\"stack_trace\",\"label\":\"StackTrace\"}]},{\"id\":null,\"type\":\"ROW\",\"isSubTable\":false,\"var\":null,\"label\":null,\"controlList\":[{\"isVirtical\":true,\"styleMap\":{\"width\":793},\"type\":\"SINGLE_LINE_TEXT\",\"var\":\"ファイル名\",\"label\":\"ファイル名\"}]},{\"id\":null,\"type\":\"ROW\",\"isSubTable\":false,\"var\":null,\"label\":null,\"controlList\":[{\"isVirtical\":true,\"styleMap\":{\"width\":793},\"type\":\"SINGLE_LINE_TEXT\",\"var\":\"関数名\",\"label\":\"関数名\"}]},{\"id\":null,\"type\":\"ROW\",\"isSubTable\":false,\"var\":null,\"label\":null,\"controlList\":[{\"isVirtical\":true,\"styleMap\":{\"width\":793},\"type\":\"SINGLE_LINE_TEXT\",\"var\":\"マーク\",\"label\":\"マーク\"}]},{\"id\":null,\"type\":\"ROW\",\"isSubTable\":false,\"var\":null,\"label\":null,\"controlList\":[{\"isVirtical\":true,\"styleMap\":{},\"canvasData\":[{\"id\":null,\"type\":\"ROW\",\"isSubTable\":false,\"var\":null,\"label\":null,\"controlList\":[{\"isVirtical\":true,\"styleMap\":{\"width\":120},\"type\":\"RECORD_ID\",\"var\":\"レコード番号\",\"label\":\"レコード番号\"}]},{\"id\":null,\"type\":\"ROW\",\"isSubTable\":false,\"var\":null,\"label\":null,\"controlList\":[{\"isVirtical\":true,\"styleMap\":{\"width\":196},\"type\":\"CREATED_AT\",\"var\":\"作成日時\",\"label\":\"作成日時\"},{\"isVirtical\":true,\"styleMap\":{\"width\":136},\"type\":\"CREATOR\",\"var\":\"作成者\",\"label\":\"作成者\"}]},{\"id\":null,\"type\":\"ROW\",\"isSubTable\":false,\"var\":null,\"label\":null,\"controlList\":[{\"isVirtical\":true,\"styleMap\":{\"width\":196},\"type\":\"MODIFIED_AT\",\"var\":\"更新日時\",\"label\":\"更新日時\"},{\"isVirtical\":true,\"styleMap\":{\"width\":136},\"type\":\"MODIFIER\",\"var\":\"更新者\",\"label\":\"更新者\"}]}],\"type\":\"GROUP\",\"var\":\"グループ\",\"label\":\"システム利用\"}]}]","revision":null},"iconMeta":{"internalName":null,"mime":"image/png","name":"err_log_.png"},"info":{"automaticallyChooseTitleComponent":"false","code":null,"decimalPrecision":"16","decimalScale":"4","description":"\u003Cdiv\u003E\u003Cbr /\u003E\u003C/div\u003E","enableBulkDeletion":"false","enableRecordReuse":"true","fiscalYearStartMonth":"4","iconKey":"11940","iconType":"BLOB","jsFiles":null,"jsScope":"ALL","name":"【開発】エラーログ","roundingMode":"HALF_EVEN","theme":"PLAIN","titleComponentLocalId":"5739001","useComment":"true","useHistory":"true","useThumbnail":"true"},"jsFiles":[],"notification":{"appNotifications":[{"events":["RECORD_COMMENT_ADDED"],"target":{"entityId":"5739002","entityType":"FIELD_ENTITY","includeSubs":"false"}},{"events":["RECORD_COMMENT_ADDED"],"target":{"entityId":"5739003","entityType":"FIELD_ENTITY","includeSubs":"false"}}],"recordNotifications":[],"reminderTimezone":null,"reminders":[],"useComment":"true","useReminder":"false"},"plugins":[],"reports":[],"resource":{"tables":[{"rows":[{"fields":[],"objectId":"0","subObjectId":"-1"}],"type":"AppName"},{"rows":[{"fields":[],"objectId":"0","subObjectId":"-1"}],"type":"AppDescription"},{"rows":[{"fields":[],"objectId":"5739001","subObjectId":"-1"},{"fields":[],"objectId":"5739002","subObjectId":"-1"},{"fields":[],"objectId":"5739003","subObjectId":"-1"},{"fields":[],"objectId":"5739004","subObjectId":"-1"},{"fields":[],"objectId":"5739005","subObjectId":"-1"},{"fields":[],"objectId":"5739006","subObjectId":"-1"},{"fields":[],"objectId":"5739007","subObjectId":"-1"},{"fields":[],"objectId":"5739008","subObjectId":"-1"},{"fields":[],"objectId":"5739009","subObjectId":"-1"},{"fields":[],"objectId":"5739010","subObjectId":"-1"},{"fields":[],"objectId":"5739011","subObjectId":"-1"},{"fields":[],"objectId":"5739012","subObjectId":"-1"},{"fields":[],"objectId":"5739018","subObjectId":"-1"},{"fields":[],"objectId":"5739152","subObjectId":"-1"},{"fields":[],"objectId":"5739153","subObjectId":"-1"}],"type":"FieldLabel"},{"rows":[{"fields":[],"objectId":"5739015","subObjectId":"-1"},{"fields":[],"objectId":"20","subObjectId":"-1"}],"type":"ViewName"}]},"schema":{"groups":[{"childLocalId":"5739001","vtComponentLocalId":"5739016"},{"childLocalId":"5739002","vtComponentLocalId":"5739016"},{"childLocalId":"5739003","vtComponentLocalId":"5739016"},{"childLocalId":"5739004","vtComponentLocalId":"5739016"},{"childLocalId":"5739005","vtComponentLocalId":"5739016"}],"revision":null,"subTable":{},"table":{"fieldList":{"5739001":{"id":"5739001","label":"レコード番号","properties":{"noLabel":"false","required":"true"},"type":"RECORD_ID","var":"レコード番号"},"5739002":{"id":"5739002","label":"更新者","properties":{"noLabel":"false","required":"true"},"type":"MODIFIER","var":"更新者"},"5739003":{"id":"5739003","label":"作成者","properties":{"noLabel":"false","required":"true"},"type":"CREATOR","var":"作成者"},"5739004":{"id":"5739004","label":"更新日時","properties":{"noLabel":"false","required":"true"},"type":"MODIFIED_AT","var":"更新日時"},"5739005":{"id":"5739005","label":"作成日時","properties":{"noLabel":"false","required":"true"},"type":"CREATED_AT","var":"作成日時"},"5739006":{"id":"5739006","label":"ステータス","properties":{"noLabel":"false","required":"false"},"type":"STATUS","var":"ステータス"},"5739007":{"id":"5739007","label":"作業者","properties":{"noLabel":"false","required":"false"},"type":"STATUS_ASSIGNEE","var":"作業者"},"5739008":{"id":"5739008","label":"カテゴリー","properties":{"noLabel":"false","required":"false"},"type":"CATEGORY","var":"カテゴリー"},"5739009":{"id":"5739009","label":"日時","properties":{"defaultExpression":"NOW","defaultValue":null,"noLabel":"false","required":"false","unique":"false"},"type":"DATETIME","var":"日時"},"5739010":{"id":"5739010","label":"エラーメッセージ","properties":{"defaultValue":"","noLabel":"false","required":"false"},"type":"MULTIPLE_LINE_TEXT","var":"エラーメッセージ"},"5739011":{"id":"5739011","label":"エラーオブジェクト","properties":{"defaultValue":"","noLabel":"false","required":"false"},"type":"MULTIPLE_LINE_TEXT","var":"エラーオブジェクト"},"5739012":{"id":"5739012","label":"StackTrace","properties":{"defaultValue":"","noLabel":"false","required":"false"},"type":"MULTIPLE_LINE_TEXT","var":"stack_trace"},"5739016":{"id":"5739016","label":"システム利用","properties":{"noLabel":"false","open":"false","required":"false"},"type":"GROUP","var":"グループ"},"5739018":{"id":"5739018","label":"マーク","properties":{"defaultValue":"","expression":"","hideExpression":"false","max":null,"min":null,"noLabel":"false","required":"false","unique":"false"},"type":"SINGLE_LINE_TEXT","var":"マーク"},"5739152":{"id":"5739152","label":"ファイル名","properties":{"defaultValue":"","expression":"","hideExpression":"false","max":null,"min":null,"noLabel":"false","required":"false","unique":"false"},"type":"SINGLE_LINE_TEXT","var":"ファイル名"},"5739153":{"id":"5739153","label":"関数名","properties":{"defaultValue":"","expression":"","hideExpression":"false","max":null,"min":null,"noLabel":"false","required":"false","unique":"false"},"type":"SINGLE_LINE_TEXT","var":"関数名"}},"id":"1","label":"__ROOT__","properties":null,"var":"__ROOT__"}},"settingsNotesForm":{"content":null,"willBeInherited":null},"status":{"actions":[],"filters":[],"initialStateId":null,"states":[],"useStatus":"false"},"uuid":"b541394b-8a3b-41c1-9f0c-3d45367ce9d8","views":[{"advancedMode":"false","builtinType":null,"device":null,"fields":[{"row":[{"columnWidth":null,"id":"5739009"},{"columnWidth":null,"id":"5739010"},{"columnWidth":null,"id":"5739011"},{"columnWidth":null,"id":"5739012"},{"columnWidth":null,"id":"5739018"},{"columnWidth":null,"id":"5739152"},{"columnWidth":null,"id":"5739153"}]}],"filter":{"category":null,"offset":null,"order":["DESC"],"q":null,"size":null,"sort":["f5739009"]},"html":null,"keyFieldId":null,"name":"エラーログ","pager":null,"revision":null,"titleFieldId":null,"view":"5739015","viewType":"LIST"},{"advancedMode":null,"builtinType":"ALL","device":null,"fields":[{"row":[{"columnWidth":null,"id":"5739001"},{"columnWidth":null,"id":"5739009"},{"columnWidth":null,"id":"5739010"},{"columnWidth":null,"id":"5739011"},{"columnWidth":null,"id":"5739012"},{"columnWidth":null,"id":"5739018"},{"columnWidth":null,"id":"5739152"},{"columnWidth":null,"id":"5739153"}]}],"filter":{"category":null,"offset":null,"order":[],"q":null,"size":null,"sort":[]},"html":null,"keyFieldId":null,"name":"（すべて）","pager":null,"revision":null,"titleFieldId":null,"view":"20","viewType":"LIST"}]}],"description":"","iconKey":"2022080606513858B96B2A61D0455BB908E3169EC79C96169","iconMeta":{"internalName":null,"mime":"image/png","name":"err_log_.png"},"iconSrcAppId":"b541394b-8a3b-41c1-9f0c-3d45367ce9d8","iconType":"BLOB","imagesMeta":[],"lookups":[],"name":"【開発】エラーログ","references":[],"version":"39"}