{"actions":[],"apps":[{"acl":{"app":[],"field":[],"record":[]},"app":null,"category":{"categories":[],"useCategory":"false"},"form":{"layout":"[{\"id\":null,\"type\":\"ROW\",\"isSubTable\":false,\"var\":null,\"label\":null,\"controlList\":[{\"isVirtical\":true,\"styleMap\":{\"width\":193},\"type\":\"DECIMAL\",\"var\":\"アプリID\",\"label\":\"アプリID\"},{\"isVirtical\":true,\"styleMap\":{\"width\":193},\"type\":\"SINGLE_LINE_TEXT\",\"var\":\"アプリCODE\",\"label\":\"アプリCODE\"}]},{\"id\":null,\"type\":\"ROW\",\"isSubTable\":false,\"var\":null,\"label\":null,\"controlList\":[{\"isVirtical\":true,\"styleMap\":{\"width\":525},\"type\":\"SINGLE_LINE_TEXT\",\"var\":\"アプリ名\",\"label\":\"アプリ名\"}]},{\"id\":null,\"type\":\"ROW\",\"isSubTable\":false,\"var\":null,\"label\":null,\"controlList\":[{\"isVirtical\":true,\"styleMap\":{\"width\":193},\"type\":\"DECIMAL\",\"var\":\"uid\",\"label\":\"uid\"}]},{\"id\":null,\"type\":\"ROW\",\"isSubTable\":false,\"var\":null,\"label\":null,\"controlList\":[{\"isVirtical\":true,\"styleMap\":{\"width\":516},\"type\":\"SINGLE_LINE_TEXT\",\"var\":\"メモ\",\"label\":\"メモ\"}]},{\"id\":null,\"type\":\"ROW\",\"isSubTable\":false,\"var\":null,\"label\":null,\"controlList\":[{\"isVirtical\":true,\"styleMap\":{},\"canvasData\":[{\"id\":null,\"type\":\"ROW\",\"isSubTable\":false,\"var\":null,\"label\":null,\"controlList\":[{\"isVirtical\":true,\"styleMap\":{\"width\":120},\"type\":\"RECORD_ID\",\"var\":\"レコード番号\",\"label\":\"レコード番号\"}]},{\"id\":null,\"type\":\"ROW\",\"isSubTable\":false,\"var\":null,\"label\":null,\"controlList\":[{\"isVirtical\":true,\"styleMap\":{\"width\":196},\"type\":\"CREATED_AT\",\"var\":\"作成日時\",\"label\":\"作成日時\"},{\"isVirtical\":true,\"styleMap\":{\"width\":136},\"type\":\"CREATOR\",\"var\":\"作成者\",\"label\":\"作成者\"}]},{\"id\":null,\"type\":\"ROW\",\"isSubTable\":false,\"var\":null,\"label\":null,\"controlList\":[{\"isVirtical\":true,\"styleMap\":{\"width\":196},\"type\":\"MODIFIED_AT\",\"var\":\"更新日時\",\"label\":\"更新日時\"},{\"isVirtical\":true,\"styleMap\":{\"width\":136},\"type\":\"MODIFIER\",\"var\":\"更新者\",\"label\":\"更新者\"}]}],\"type\":\"GROUP\",\"var\":\"システム利用\",\"label\":\"システム利用\"}]}]","revision":null},"iconMeta":{"internalName":null,"mime":"image/png","name":"num_ctrl_icon.png"},"info":{"automaticallyChooseTitleComponent":"false","code":null,"decimalPrecision":"16","decimalScale":"4","description":"\u003Cdiv\u003E\u003Cbr /\u003E\u003C/div\u003E","enableBulkDeletion":"false","enableRecordReuse":"true","fiscalYearStartMonth":"4","iconKey":"11935","iconType":"BLOB","jsFiles":null,"jsScope":"ALL","name":"【開発】番号管理マスタ","roundingMode":"HALF_EVEN","theme":"PLAIN","titleComponentLocalId":null,"useComment":"true","useHistory":"true","useThumbnail":"true"},"jsFiles":[],"notification":{"appNotifications":[{"events":["RECORD_COMMENT_ADDED"],"target":{"entityId":"5519905","entityType":"FIELD_ENTITY","includeSubs":"false"}},{"events":["RECORD_COMMENT_ADDED"],"target":{"entityId":"5519906","entityType":"FIELD_ENTITY","includeSubs":"false"}}],"recordNotifications":[],"reminderTimezone":null,"reminders":[],"useComment":"true","useReminder":"false"},"plugins":[],"reports":[],"resource":{"tables":[{"rows":[{"fields":[],"objectId":"0","subObjectId":"-1"}],"type":"AppName"},{"rows":[{"fields":[],"objectId":"0","subObjectId":"-1"}],"type":"AppDescription"},{"rows":[{"fields":[],"objectId":"5519904","subObjectId":"-1"},{"fields":[],"objectId":"5519905","subObjectId":"-1"},{"fields":[],"objectId":"5519906","subObjectId":"-1"},{"fields":[],"objectId":"5519907","subObjectId":"-1"},{"fields":[],"objectId":"5519908","subObjectId":"-1"},{"fields":[],"objectId":"5519909","subObjectId":"-1"},{"fields":[],"objectId":"5519910","subObjectId":"-1"},{"fields":[],"objectId":"5519911","subObjectId":"-1"},{"fields":[],"objectId":"5519914","subObjectId":"-1"},{"fields":[],"objectId":"5523679","subObjectId":"-1"},{"fields":[],"objectId":"5523680","subObjectId":"-1"},{"fields":[],"objectId":"5523681","subObjectId":"-1"},{"fields":[],"objectId":"5523682","subObjectId":"-1"}],"type":"FieldLabel"},{"rows":[{"fields":[],"objectId":"20","subObjectId":"-1"}],"type":"ViewName"}]},"schema":{"groups":[{"childLocalId":"5519904","vtComponentLocalId":"5519913"},{"childLocalId":"5519905","vtComponentLocalId":"5519913"},{"childLocalId":"5519906","vtComponentLocalId":"5519913"},{"childLocalId":"5519907","vtComponentLocalId":"5519913"},{"childLocalId":"5519908","vtComponentLocalId":"5519913"}],"revision":null,"subTable":{},"table":{"fieldList":{"5519904":{"id":"5519904","label":"レコード番号","properties":{"noLabel":"false","required":"true"},"type":"RECORD_ID","var":"レコード番号"},"5519905":{"id":"5519905","label":"更新者","properties":{"noLabel":"false","required":"true"},"type":"MODIFIER","var":"更新者"},"5519906":{"id":"5519906","label":"作成者","properties":{"noLabel":"false","required":"true"},"type":"CREATOR","var":"作成者"},"5519907":{"id":"5519907","label":"更新日時","properties":{"noLabel":"false","required":"true"},"type":"MODIFIED_AT","var":"更新日時"},"5519908":{"id":"5519908","label":"作成日時","properties":{"noLabel":"false","required":"true"},"type":"CREATED_AT","var":"作成日時"},"5519909":{"id":"5519909","label":"ステータス","properties":{"noLabel":"false","required":"false"},"type":"STATUS","var":"ステータス"},"5519910":{"id":"5519910","label":"作業者","properties":{"noLabel":"false","required":"false"},"type":"STATUS_ASSIGNEE","var":"作業者"},"5519911":{"id":"5519911","label":"カテゴリー","properties":{"noLabel":"false","required":"false"},"type":"CATEGORY","var":"カテゴリー"},"5519913":{"id":"5519913","label":"システム利用","properties":{"noLabel":"false","open":"false","required":"false"},"type":"GROUP","var":"システム利用"},"5519914":{"id":"5519914","label":"uid","properties":{"defaultValue":"0","digit":"false","displayScale":null,"max":null,"min":null,"noLabel":"false","required":"true","roundingMode":null,"scale":null,"unique":"false","unit":"","unitPosition":"BEFORE"},"type":"DECIMAL","var":"uid"},"5523679":{"id":"5523679","label":"アプリID","properties":{"defaultValue":null,"digit":"false","displayScale":null,"max":null,"min":null,"noLabel":"false","required":"false","roundingMode":null,"scale":null,"unique":"true","unit":"","unitPosition":"BEFORE"},"type":"DECIMAL","var":"アプリID"},"5523680":{"id":"5523680","label":"アプリCODE","properties":{"defaultValue":"","expression":"","hideExpression":"false","max":null,"min":null,"noLabel":"false","required":"true","unique":"false"},"type":"SINGLE_LINE_TEXT","var":"アプリCODE"},"5523681":{"id":"5523681","label":"アプリ名","properties":{"defaultValue":"","expression":"","hideExpression":"false","max":null,"min":null,"noLabel":"false","required":"false","unique":"false"},"type":"SINGLE_LINE_TEXT","var":"アプリ名"},"5523682":{"id":"5523682","label":"メモ","properties":{"defaultValue":"","expression":"","hideExpression":"false","max":null,"min":null,"noLabel":"false","required":"false","unique":"false"},"type":"SINGLE_LINE_TEXT","var":"メモ"}},"id":"1","label":"__ROOT__","properties":null,"var":"__ROOT__"}},"settingsNotesForm":{"content":null,"willBeInherited":null},"status":{"actions":[],"filters":[],"initialStateId":null,"states":[],"useStatus":"false"},"uuid":"7af14d90-8768-4893-86c1-809d5180672e","views":[{"advancedMode":null,"builtinType":"ALL","device":null,"fields":[{"row":[{"columnWidth":null,"id":"5519904"},{"columnWidth":null,"id":"5519914"},{"columnWidth":null,"id":"5523679"},{"columnWidth":null,"id":"5523680"},{"columnWidth":null,"id":"5523681"},{"columnWidth":null,"id":"5523682"}]}],"filter":{"category":null,"offset":null,"order":[],"q":null,"size":null,"sort":[]},"html":null,"keyFieldId":null,"name":"（すべて）","pager":null,"revision":null,"titleFieldId":null,"view":"20","viewType":"LIST"}]}],"description":"","iconKey":"20220806065116D5C1E8DD502844D292D75745AADA9E53137","iconMeta":{"internalName":null,"mime":"image/png","name":"num_ctrl_icon.png"},"iconSrcAppId":"7af14d90-8768-4893-86c1-809d5180672e","iconType":"BLOB","imagesMeta":[],"lookups":[],"name":"【開発】番号管理マスタ","references":[],"version":"39"}